onset	duration	sample	value
2.128	n/a	1064	252
10.138	n/a	5069	133
11.158	n/a	5579	251
12.168	n/a	6084	101
13.07	n/a	6535	11
13.87	n/a	6935	98
14.67	n/a	7335	12
15.472	n/a	7736	13
16.272	n/a	8136	14
17.072	n/a	8536	15
17.874	n/a	8937	98
18.674	n/a	9337	16
20.274	n/a	10137	102
20.596	n/a	10298	251
21.606	n/a	10803	103
22.626	n/a	11313	101
23.528	n/a	11764	31
24.328	n/a	12164	98
25.128	n/a	12564	32
25.928	n/a	12964	33
26.73	n/a	13365	34
27.53	n/a	13765	35
28.33	n/a	14165	98
29.132	n/a	14566	98
29.932	n/a	14966	98
30.732	n/a	15366	36
32.334	n/a	16167	102
32.84	n/a	16420	251
33.854	n/a	16927	103
34.876	n/a	17438	101
35.776	n/a	17888	81
36.576	n/a	18288	98
37.378	n/a	18689	82
38.178	n/a	19089	83
38.978	n/a	19489	84
39.778	n/a	19889	85
40.58	n/a	20290	98
41.38	n/a	20690	86
42.982	n/a	21491	102
43.612	n/a	21806	252
44.622	n/a	22311	103
45.644	n/a	22822	101
46.544	n/a	23272	21
47.344	n/a	23672	98
48.144	n/a	24072	22
48.946	n/a	24473	23
49.746	n/a	24873	24
50.546	n/a	25273	25
51.348	n/a	25674	26
52.948	n/a	26474	102
53.544	n/a	26772	252
54.56	n/a	27280	103
55.58	n/a	27790	101
56.48	n/a	28240	51
57.282	n/a	28641	98
58.082	n/a	29041	52
58.882	n/a	29441	53
59.684	n/a	29842	54
60.484	n/a	30242	55
61.284	n/a	30642	56
62.886	n/a	31443	102
63.832	n/a	31916	251
64.846	n/a	32423	103
65.868	n/a	32934	101
66.768	n/a	33384	121
67.568	n/a	33784	122
68.37	n/a	34185	98
69.17	n/a	34585	123
69.97	n/a	34985	124
70.772	n/a	35386	125
71.572	n/a	35786	126
73.172	n/a	36586	102
73.556	n/a	36778	251
74.564	n/a	37282	103
75.584	n/a	37792	101
76.486	n/a	38243	31
77.286	n/a	38643	98
78.086	n/a	39043	32
78.888	n/a	39444	33
79.688	n/a	39844	34
80.488	n/a	40244	35
81.288	n/a	40644	36
82.89	n/a	41445	102
83.588	n/a	41794	252
84.602	n/a	42301	103
85.622	n/a	42811	101
86.522	n/a	43261	51
87.324	n/a	43662	52
88.124	n/a	44062	53
88.924	n/a	44462	54
89.724	n/a	44862	55
90.526	n/a	45263	98
91.326	n/a	45663	98
92.126	n/a	46063	98
92.928	n/a	46464	56
94.528	n/a	47264	102
95.06	n/a	47530	251
96.07	n/a	48035	103
97.09	n/a	48545	101
97.99	n/a	48995	21
98.792	n/a	49396	22
99.592	n/a	49796	23
100.392	n/a	50196	24
101.194	n/a	50597	25
101.994	n/a	50997	98
102.794	n/a	51397	98
103.594	n/a	51797	98
104.396	n/a	52198	26
105.996	n/a	52998	102
106.864	n/a	53432	252
107.878	n/a	53939	103
108.898	n/a	54449	101
109.8	n/a	54900	41
110.6	n/a	55300	98
111.4	n/a	55700	42
112.202	n/a	56101	43
113.002	n/a	56501	44
113.802	n/a	56901	45
114.602	n/a	57301	98
115.404	n/a	57702	98
116.204	n/a	58102	46
117.806	n/a	58903	102
119.35	n/a	59675	252
120.368	n/a	60184	103
121.388	n/a	60694	101
122.288	n/a	61144	41
123.088	n/a	61544	42
123.89	n/a	61945	43
124.69	n/a	62345	44
125.49	n/a	62745	45
126.292	n/a	63146	46
127.892	n/a	63946	102
129.638	n/a	64819	252
130.654	n/a	65327	103
131.676	n/a	65838	101
132.576	n/a	66288	81
133.376	n/a	66688	98
134.176	n/a	67088	82
134.978	n/a	67489	83
135.778	n/a	67889	84
136.578	n/a	68289	85
137.38	n/a	68690	98
138.18	n/a	69090	98
138.98	n/a	69490	86
140.582	n/a	70291	102
141.042	n/a	70521	252
142.052	n/a	71026	103
143.074	n/a	71537	101
143.974	n/a	71987	21
144.774	n/a	72387	22
145.576	n/a	72788	23
146.376	n/a	73188	24
147.176	n/a	73588	25
147.976	n/a	73988	98
148.778	n/a	74389	26
150.378	n/a	75189	102
150.658	n/a	75329	251
151.67	n/a	75835	103
152.69	n/a	76345	101
153.59	n/a	76795	111
154.392	n/a	77196	112
155.192	n/a	77596	98
155.992	n/a	77996	113
156.794	n/a	78397	114
157.594	n/a	78797	115
158.394	n/a	79197	98
159.196	n/a	79598	116
160.796	n/a	80398	102
161.45	n/a	80725	252
162.468	n/a	81234	103
163.488	n/a	81744	101
164.388	n/a	82194	41
165.19	n/a	82595	98
165.99	n/a	82995	42
166.79	n/a	83395	43
167.592	n/a	83796	44
168.392	n/a	84196	45
169.192	n/a	84596	46
170.794	n/a	85397	102
171.234	n/a	85617	252
172.244	n/a	86122	103
173.266	n/a	86633	101
174.166	n/a	87083	121
174.966	n/a	87483	98
175.766	n/a	87883	122
176.568	n/a	88284	98
177.368	n/a	88684	123
178.168	n/a	89084	124
178.97	n/a	89485	125
179.77	n/a	89885	98
180.57	n/a	90285	98
181.372	n/a	90686	126
182.972	n/a	91486	102
183.278	n/a	91639	251
184.294	n/a	92147	103
185.314	n/a	92657	101
186.214	n/a	93107	121
187.016	n/a	93508	122
187.816	n/a	93908	98
188.616	n/a	94308	98
189.416	n/a	94708	98
190.218	n/a	95109	123
191.018	n/a	95509	98
191.818	n/a	95909	124
192.62	n/a	96310	125
193.42	n/a	96710	98
194.22	n/a	97110	126
195.822	n/a	97911	102
196.262	n/a	98131	251
197.272	n/a	98636	103
198.294	n/a	99147	101
199.194	n/a	99597	31
199.994	n/a	99997	32
200.796	n/a	100398	33
201.596	n/a	100798	34
202.396	n/a	101198	35
203.196	n/a	101598	36
204.798	n/a	102399	102
205.242	n/a	102621	252
206.25	n/a	103125	103
207.27	n/a	103635	101
208.17	n/a	104085	41
208.97	n/a	104485	42
209.772	n/a	104886	43
210.572	n/a	105286	44
211.372	n/a	105686	45
212.174	n/a	106087	98
212.974	n/a	106487	46
214.574	n/a	107287	102
214.882	n/a	107441	252
215.896	n/a	107948	103
216.916	n/a	108458	101
217.818	n/a	108909	121
218.618	n/a	109309	122
219.418	n/a	109709	98
220.22	n/a	110110	98
221.02	n/a	110510	123
221.82	n/a	110910	124
222.62	n/a	111310	125
223.422	n/a	111711	98
224.222	n/a	112111	126
225.824	n/a	112912	102
226.208	n/a	113104	251
227.224	n/a	113612	103
228.244	n/a	114122	101
229.146	n/a	114573	11
229.946	n/a	114973	12
230.746	n/a	115373	13
231.548	n/a	115774	14
232.348	n/a	116174	15
233.148	n/a	116574	98
233.948	n/a	116974	16
235.55	n/a	117775	102
236.008	n/a	118004	251
237.022	n/a	118511	103
238.042	n/a	119021	101
238.942	n/a	119471	121
239.744	n/a	119872	122
240.544	n/a	120272	98
241.344	n/a	120672	98
242.144	n/a	121072	98
242.946	n/a	121473	123
243.746	n/a	121873	124
244.546	n/a	122273	125
245.348	n/a	122674	126
246.948	n/a	123474	102
247.304	n/a	123652	251
248.32	n/a	124160	103
249.34	n/a	124670	101
250.24	n/a	125120	41
251.042	n/a	125521	98
251.842	n/a	125921	42
252.642	n/a	126321	43
253.444	n/a	126722	44
254.244	n/a	127122	45
255.044	n/a	127522	98
255.844	n/a	127922	98
256.646	n/a	128323	98
257.446	n/a	128723	98
258.246	n/a	129123	98
259.048	n/a	129524	46
260.648	n/a	130324	102
260.972	n/a	130486	252
261.99	n/a	130995	103
263.01	n/a	131505	101
263.91	n/a	131955	21
264.712	n/a	132356	22
265.512	n/a	132756	23
266.312	n/a	133156	24
267.112	n/a	133556	25
267.914	n/a	133957	98
268.714	n/a	134357	26
270.316	n/a	135158	102
270.676	n/a	135338	251
271.686	n/a	135843	103
272.708	n/a	136354	101
273.608	n/a	136804	21
274.408	n/a	137204	22
275.208	n/a	137604	23
276.01	n/a	138005	24
276.81	n/a	138405	25
277.61	n/a	138805	26
279.212	n/a	139606	102
279.856	n/a	139928	251
280.872	n/a	140436	103
281.894	n/a	140947	101
282.794	n/a	141397	21
283.594	n/a	141797	98
284.396	n/a	142198	22
285.196	n/a	142598	23
285.996	n/a	142998	24
286.798	n/a	143399	25
287.598	n/a	143799	98
288.398	n/a	144199	26
290	n/a	145000	102
290.276	n/a	145138	251
291.29	n/a	145645	103
292.312	n/a	146156	101
293.212	n/a	146606	111
294.012	n/a	147006	112
294.812	n/a	147406	98
295.614	n/a	147807	98
296.414	n/a	148207	98
297.214	n/a	148607	113
298.016	n/a	149008	114
298.816	n/a	149408	115
299.616	n/a	149808	116
301.218	n/a	150609	102
301.608	n/a	150804	252
302.618	n/a	151309	103
303.64	n/a	151820	101
304.54	n/a	152270	11
305.34	n/a	152670	98
306.142	n/a	153071	12
306.942	n/a	153471	13
307.742	n/a	153871	14
308.542	n/a	154271	15
309.344	n/a	154672	98
310.144	n/a	155072	16
311.746	n/a	155873	102
311.988	n/a	155994	251
312.996	n/a	156498	103
314.016	n/a	157008	101
314.918	n/a	157459	51
315.718	n/a	157859	52
316.518	n/a	158259	53
317.32	n/a	158660	54
318.12	n/a	159060	55
318.92	n/a	159460	98
319.72	n/a	159860	56
321.322	n/a	160661	102
321.584	n/a	160792	251
322.592	n/a	161296	103
323.614	n/a	161807	101
324.514	n/a	162257	21
325.314	n/a	162657	98
326.116	n/a	163058	22
326.916	n/a	163458	23
327.716	n/a	163858	24
328.518	n/a	164259	25
329.318	n/a	164659	98
330.118	n/a	165059	26
331.72	n/a	165860	102
333.674	n/a	166837	251
334.692	n/a	167346	103
335.712	n/a	167856	101
336.614	n/a	168307	111
337.414	n/a	168707	98
338.214	n/a	169107	112
339.014	n/a	169507	98
339.816	n/a	169908	98
340.616	n/a	170308	113
341.416	n/a	170708	114
342.218	n/a	171109	115
343.018	n/a	171509	98
343.818	n/a	171909	116
345.42	n/a	172710	102
345.718	n/a	172859	252
346.73	n/a	173365	103
347.752	n/a	173876	101
348.652	n/a	174326	111
349.452	n/a	174726	112
350.252	n/a	175126	98
351.054	n/a	175527	113
351.854	n/a	175927	114
352.654	n/a	176327	115
353.456	n/a	176728	98
354.256	n/a	177128	116
355.856	n/a	177928	102
356.098	n/a	178049	252
357.108	n/a	178554	103
358.128	n/a	179064	101
359.03	n/a	179515	121
359.83	n/a	179915	122
360.63	n/a	180315	98
361.43	n/a	180715	98
362.232	n/a	181116	123
363.032	n/a	181516	124
363.832	n/a	181916	125
364.634	n/a	182317	126
366.234	n/a	183117	102
366.538	n/a	183269	251
367.546	n/a	183773	103
368.566	n/a	184283	101
369.466	n/a	184733	11
370.268	n/a	185134	12
371.068	n/a	185534	13
371.868	n/a	185934	14
372.67	n/a	186335	15
373.47	n/a	186735	16
375.07	n/a	187535	102
375.866	n/a	187933	251
376.882	n/a	188441	103
377.902	n/a	188951	101
378.804	n/a	189402	81
379.604	n/a	189802	98
380.404	n/a	190202	82
381.206	n/a	190603	83
382.006	n/a	191003	84
382.806	n/a	191403	85
383.606	n/a	191803	98
384.408	n/a	192204	98
385.208	n/a	192604	86
386.486	n/a	193243	252
386.81	n/a	193405	102
387.488	n/a	193744	252
388.5	n/a	194250	103
389.522	n/a	194761	101
390.422	n/a	195211	121
391.222	n/a	195611	122
392.024	n/a	196012	98
392.824	n/a	196412	123
393.624	n/a	196812	124
394.424	n/a	197212	125
395.226	n/a	197613	98
396.026	n/a	198013	126
397.628	n/a	198814	102
398.11	n/a	199055	251
399.118	n/a	199559	103
400.138	n/a	200069	101
401.04	n/a	200520	111
401.84	n/a	200920	112
402.64	n/a	201320	98
403.442	n/a	201721	113
404.242	n/a	202121	114
405.042	n/a	202521	115
405.842	n/a	202921	116
407.444	n/a	203722	102
407.83	n/a	203915	252
408.846	n/a	204423	103
409.866	n/a	204933	101
410.766	n/a	205383	41
411.568	n/a	205784	42
412.368	n/a	206184	43
413.168	n/a	206584	44
413.968	n/a	206984	45
414.77	n/a	207385	46
416.37	n/a	208185	102
416.722	n/a	208361	252
417.732	n/a	208866	103
418.752	n/a	209376	101
419.652	n/a	209826	11
420.454	n/a	210227	98
421.254	n/a	210627	12
422.054	n/a	211027	13
422.856	n/a	211428	14
423.656	n/a	211828	15
424.456	n/a	212228	98
425.256	n/a	212628	16
426.858	n/a	213429	102
427.146	n/a	213573	251
428.16	n/a	214080	103
429.18	n/a	214590	101
430.08	n/a	215040	31
430.882	n/a	215441	98
431.682	n/a	215841	32
432.482	n/a	216241	33
433.282	n/a	216641	34
434.084	n/a	217042	35
434.884	n/a	217442	36
436.486	n/a	218243	102
437.53	n/a	218765	251
438.536	n/a	219268	103
439.558	n/a	219779	101
440.458	n/a	220229	121
441.258	n/a	220629	122
442.06	n/a	221030	98
442.86	n/a	221430	98
443.66	n/a	221830	98
444.46	n/a	222230	123
445.262	n/a	222631	124
446.062	n/a	223031	125
446.862	n/a	223431	126
448.464	n/a	224232	102
448.696	n/a	224348	251
449.706	n/a	224853	103
450.726	n/a	225363	101
451.626	n/a	225813	111
452.426	n/a	226213	112
453.228	n/a	226614	98
454.028	n/a	227014	98
454.828	n/a	227414	113
455.628	n/a	227814	114
456.43	n/a	228215	115
457.23	n/a	228615	116
458.832	n/a	229416	102
459.228	n/a	229614	252
460.242	n/a	230121	103
461.264	n/a	230632	101
462.164	n/a	231082	121
462.964	n/a	231482	98
463.764	n/a	231882	98
464.566	n/a	232283	122
465.366	n/a	232683	123
466.166	n/a	233083	124
466.968	n/a	233484	125
467.768	n/a	233884	98
468.568	n/a	234284	126
470.17	n/a	235085	102
470.46	n/a	235230	251
471.47	n/a	235735	103
472.492	n/a	236246	101
473.392	n/a	236696	71
474.192	n/a	237096	98
474.992	n/a	237496	72
475.794	n/a	237897	73
476.594	n/a	238297	74
477.394	n/a	238697	75
478.196	n/a	239098	98
478.996	n/a	239498	98
479.796	n/a	239898	76
481.398	n/a	240699	102
481.944	n/a	240972	252
482.958	n/a	241479	103
483.98	n/a	241990	101
484.88	n/a	242440	41
485.68	n/a	242840	98
486.482	n/a	243241	42
487.282	n/a	243641	43
488.082	n/a	244041	44
488.882	n/a	244441	45
489.684	n/a	244842	98
490.484	n/a	245242	46
492.086	n/a	246043	102
492.492	n/a	246246	252
493.506	n/a	246753	103
494.528	n/a	247264	101
495.428	n/a	247714	41
496.228	n/a	248114	98
497.028	n/a	248514	42
497.83	n/a	248915	43
498.63	n/a	249315	44
499.43	n/a	249715	45
500.232	n/a	250116	98
501.032	n/a	250516	98
501.832	n/a	250916	98
502.632	n/a	251316	98
503.434	n/a	251717	46
505.034	n/a	252517	102
505.324	n/a	252662	252
506.336	n/a	253168	103
507.356	n/a	253678	101
508.256	n/a	254128	61
509.058	n/a	254529	98
509.858	n/a	254929	62
510.658	n/a	255329	63
511.46	n/a	255730	64
512.26	n/a	256130	65
513.06	n/a	256530	98
513.86	n/a	256930	66
515.462	n/a	257731	102
515.756	n/a	257878	252
516.764	n/a	258382	103
517.784	n/a	258892	101
518.684	n/a	259342	51
519.484	n/a	259742	52
520.286	n/a	260143	53
521.086	n/a	260543	54
521.886	n/a	260943	55
522.688	n/a	261344	98
523.488	n/a	261744	56
525.09	n/a	262545	102
525.716	n/a	262858	251
526.73	n/a	263365	103
527.752	n/a	263876	101
528.652	n/a	264326	111
529.452	n/a	264726	112
530.252	n/a	265126	98
531.054	n/a	265527	113
531.854	n/a	265927	114
532.654	n/a	266327	115
533.456	n/a	266728	98
534.256	n/a	267128	116
535.856	n/a	267928	102
536.164	n/a	268082	252
537.178	n/a	268589	103
538.198	n/a	269099	101
539.1	n/a	269550	71
539.9	n/a	269950	72
540.7	n/a	270350	73
541.5	n/a	270750	74
542.302	n/a	271151	75
543.102	n/a	271551	98
543.902	n/a	271951	98
544.704	n/a	272352	98
545.504	n/a	272752	98
546.304	n/a	273152	76
547.906	n/a	273953	102
548.186	n/a	274093	252
549.196	n/a	274598	103
550.218	n/a	275109	101
551.118	n/a	275559	21
551.918	n/a	275959	22
552.718	n/a	276359	23
553.52	n/a	276760	24
554.32	n/a	277160	25
555.12	n/a	277560	98
555.922	n/a	277961	98
556.722	n/a	278361	26
558.324	n/a	279162	102
558.582	n/a	279291	251
559.594	n/a	279797	103
560.614	n/a	280307	101
561.516	n/a	280758	121
562.316	n/a	281158	122
563.116	n/a	281558	98
563.918	n/a	281959	123
564.718	n/a	282359	124
565.518	n/a	282759	125
566.318	n/a	283159	98
567.12	n/a	283560	126
568.72	n/a	284360	102
569.01	n/a	284505	251
570.022	n/a	285011	103
571.042	n/a	285521	101
571.942	n/a	285971	71
572.744	n/a	286372	72
573.544	n/a	286772	73
574.344	n/a	287172	74
575.146	n/a	287573	75
575.946	n/a	287973	76
577.546	n/a	288773	102
578.63	n/a	289315	252
579.638	n/a	289819	103
580.66	n/a	290330	101
581.56	n/a	290780	61
582.36	n/a	291180	62
583.16	n/a	291580	63
583.962	n/a	291981	64
584.762	n/a	292381	65
585.562	n/a	292781	66
587.164	n/a	293582	102
588.966	n/a	294483	252
589.976	n/a	294988	103
590.996	n/a	295498	101
591.898	n/a	295949	61
592.698	n/a	296349	98
593.498	n/a	296749	62
594.298	n/a	297149	63
595.1	n/a	297550	64
595.9	n/a	297950	65
596.7	n/a	298350	66
598.302	n/a	299151	102
599.486	n/a	299743	252
600.504	n/a	300252	133
603.506	n/a	301753	133
612.254	n/a	306127	251
613.262	n/a	306631	101
614.164	n/a	307082	11
614.964	n/a	307482	12
615.764	n/a	307882	13
616.566	n/a	308283	14
617.366	n/a	308683	15
618.166	n/a	309083	98
618.966	n/a	309483	98
619.768	n/a	309884	98
620.568	n/a	310284	98
621.368	n/a	310684	16
622.97	n/a	311485	102
623.342	n/a	311671	251
624.35	n/a	312175	103
625.372	n/a	312686	101
626.272	n/a	313136	11
627.072	n/a	313536	12
627.874	n/a	313937	13
628.674	n/a	314337	14
629.474	n/a	314737	15
630.274	n/a	315137	98
631.076	n/a	315538	98
631.876	n/a	315938	16
633.126	n/a	316563	251
633.478	n/a	316739	102
634.338	n/a	317169	251
635.348	n/a	317674	103
636.37	n/a	318185	101
637.27	n/a	318635	121
638.07	n/a	319035	122
638.872	n/a	319436	98
639.672	n/a	319836	98
640.472	n/a	320236	123
641.272	n/a	320636	124
642.074	n/a	321037	125
642.874	n/a	321437	98
643.674	n/a	321837	126
645.276	n/a	322638	102
645.542	n/a	322771	251
646.556	n/a	323278	103
647.578	n/a	323789	101
648.478	n/a	324239	71
649.278	n/a	324639	98
650.08	n/a	325040	72
650.88	n/a	325440	73
651.68	n/a	325840	74
652.48	n/a	326240	75
653.282	n/a	326641	76
654.882	n/a	327441	102
655.296	n/a	327648	252
656.314	n/a	328157	103
657.334	n/a	328667	101
658.236	n/a	329118	121
659.036	n/a	329518	122
659.836	n/a	329918	98
660.636	n/a	330318	123
661.438	n/a	330719	124
662.238	n/a	331119	125
663.038	n/a	331519	98
663.84	n/a	331920	126
665.44	n/a	332720	102
665.844	n/a	332922	251
666.862	n/a	333431	103
667.882	n/a	333941	101
668.782	n/a	334391	31
669.584	n/a	334792	98
670.384	n/a	335192	32
671.184	n/a	335592	33
671.984	n/a	335992	34
672.786	n/a	336393	35
673.586	n/a	336793	98
674.386	n/a	337193	98
675.188	n/a	337594	36
676.788	n/a	338394	102
676.92	n/a	338460	252
677.93	n/a	338965	103
678.95	n/a	339475	101
679.85	n/a	339925	81
680.652	n/a	340326	98
681.452	n/a	340726	82
682.252	n/a	341126	83
683.052	n/a	341526	84
683.854	n/a	341927	85
684.654	n/a	342327	86
686.256	n/a	343128	102
686.772	n/a	343386	252
687.786	n/a	343893	103
688.808	n/a	344404	101
689.708	n/a	344854	71
690.508	n/a	345254	72
691.308	n/a	345654	73
692.11	n/a	346055	74
692.91	n/a	346455	75
693.71	n/a	346855	98
694.512	n/a	347256	76
696.112	n/a	348056	102
696.396	n/a	348198	252
697.404	n/a	348702	103
698.424	n/a	349212	101
699.324	n/a	349662	21
700.126	n/a	350063	98
700.926	n/a	350463	22
701.726	n/a	350863	23
702.528	n/a	351264	24
703.328	n/a	351664	25
704.128	n/a	352064	26
705.73	n/a	352865	102
706.084	n/a	353042	251
707.1	n/a	353550	103
708.122	n/a	354061	101
709.022	n/a	354511	21
709.822	n/a	354911	98
710.622	n/a	355311	22
711.424	n/a	355712	23
712.224	n/a	356112	24
713.024	n/a	356512	25
713.826	n/a	356913	98
714.626	n/a	357313	98
715.426	n/a	357713	26
717.028	n/a	358514	102
717.412	n/a	358706	251
718.428	n/a	359214	103
719.45	n/a	359725	101
720.35	n/a	360175	61
721.15	n/a	360575	62
721.952	n/a	360976	63
722.752	n/a	361376	64
723.552	n/a	361776	65
724.352	n/a	362176	98
725.154	n/a	362577	98
725.954	n/a	362977	66
727.556	n/a	363778	102
727.96	n/a	363980	252
728.976	n/a	364488	103
729.996	n/a	364998	101
730.898	n/a	365449	111
731.698	n/a	365849	98
732.498	n/a	366249	112
733.3	n/a	366650	113
734.1	n/a	367050	114
734.9	n/a	367450	115
735.7	n/a	367850	116
737.302	n/a	368651	102
737.552	n/a	368776	252
738.564	n/a	369282	103
739.584	n/a	369792	101
740.484	n/a	370242	81
741.284	n/a	370642	82
742.086	n/a	371043	83
742.886	n/a	371443	84
743.686	n/a	371843	85
744.488	n/a	372244	98
745.288	n/a	372644	98
746.088	n/a	373044	86
747.69	n/a	373845	102
748.036	n/a	374018	251
749.05	n/a	374525	103
750.072	n/a	375036	101
750.972	n/a	375486	71
751.772	n/a	375886	98
752.574	n/a	376287	72
753.374	n/a	376687	73
754.174	n/a	377087	74
754.974	n/a	377487	75
755.776	n/a	377888	98
756.576	n/a	378288	98
757.376	n/a	378688	98
758.178	n/a	379089	76
759.778	n/a	379889	102
760.018	n/a	380009	252
761.03	n/a	380515	103
762.05	n/a	381025	101
762.95	n/a	381475	81
763.752	n/a	381876	82
764.552	n/a	382276	83
765.352	n/a	382676	84
766.152	n/a	383076	85
766.954	n/a	383477	98
767.754	n/a	383877	98
768.554	n/a	384277	86
770.156	n/a	385078	102
770.41	n/a	385205	252
771.426	n/a	385713	103
772.448	n/a	386224	101
773.348	n/a	386674	31
774.148	n/a	387074	32
774.95	n/a	387475	33
775.75	n/a	387875	34
776.55	n/a	388275	35
777.35	n/a	388675	98
778.152	n/a	389076	98
778.952	n/a	389476	98
779.752	n/a	389876	36
781.354	n/a	390677	102
781.618	n/a	390809	252
782.634	n/a	391317	103
783.656	n/a	391828	101
784.556	n/a	392278	61
785.356	n/a	392678	98
786.158	n/a	393079	62
786.958	n/a	393479	63
787.758	n/a	393879	64
788.56	n/a	394280	65
789.36	n/a	394680	98
790.16	n/a	395080	98
790.96	n/a	395480	98
791.762	n/a	395881	98
792.562	n/a	396281	98
793.362	n/a	396681	66
794.964	n/a	397482	102
795.106	n/a	397553	251
796.114	n/a	398057	103
797.136	n/a	398568	101
798.036	n/a	399018	81
798.836	n/a	399418	82
799.638	n/a	399819	83
800.438	n/a	400219	84
801.238	n/a	400619	85
802.038	n/a	401019	98
802.84	n/a	401420	86
804.44	n/a	402220	102
804.778	n/a	402389	252
805.792	n/a	402896	103
806.812	n/a	403406	101
807.712	n/a	403856	61
808.514	n/a	404257	62
809.314	n/a	404657	63
810.114	n/a	405057	64
810.916	n/a	405458	65
811.716	n/a	405858	66
813.316	n/a	406658	102
813.658	n/a	406829	252
814.668	n/a	407334	103
815.688	n/a	407844	101
816.59	n/a	408295	41
817.39	n/a	408695	98
818.19	n/a	409095	42
818.992	n/a	409496	43
819.792	n/a	409896	44
820.592	n/a	410296	45
821.392	n/a	410696	98
822.194	n/a	411097	46
823.794	n/a	411897	102
824.19	n/a	412095	252
825.206	n/a	412603	103
826.226	n/a	413113	101
827.126	n/a	413563	51
827.928	n/a	413964	98
828.728	n/a	414364	52
829.528	n/a	414764	53
830.33	n/a	415165	54
831.13	n/a	415565	55
831.93	n/a	415965	98
832.73	n/a	416365	56
834.332	n/a	417166	102
834.418	n/a	417209	251
835.432	n/a	417716	103
836.454	n/a	418227	101
837.354	n/a	418677	121
838.154	n/a	419077	98
838.956	n/a	419478	122
839.756	n/a	419878	98
840.556	n/a	420278	98
841.358	n/a	420679	123
842.158	n/a	421079	124
842.958	n/a	421479	125
843.758	n/a	421879	126
845.36	n/a	422680	102
845.654	n/a	422827	251
846.662	n/a	423331	103
847.682	n/a	423841	101
848.582	n/a	424291	61
849.382	n/a	424691	62
850.184	n/a	425092	63
850.984	n/a	425492	64
851.784	n/a	425892	65
852.586	n/a	426293	98
853.386	n/a	426693	98
854.186	n/a	427093	98
854.988	n/a	427494	66
856.588	n/a	428294	102
856.938	n/a	428469	252
857.95	n/a	428975	103
858.97	n/a	429485	101
859.87	n/a	429935	71
860.672	n/a	430336	72
861.472	n/a	430736	73
862.272	n/a	431136	74
863.072	n/a	431536	75
863.874	n/a	431937	98
864.674	n/a	432337	76
866.136	n/a	433068	252
866.276	n/a	433138	102
867.372	n/a	433686	252
868.386	n/a	434193	103
869.408	n/a	434704	101
870.308	n/a	435154	51
871.108	n/a	435554	98
871.91	n/a	435955	52
872.71	n/a	436355	53
873.51	n/a	436755	54
874.31	n/a	437155	55
875.112	n/a	437556	98
875.912	n/a	437956	98
876.712	n/a	438356	98
877.514	n/a	438757	56
879.114	n/a	439557	102
879.356	n/a	439678	251
880.366	n/a	440183	103
881.386	n/a	440693	101
882.286	n/a	441143	81
883.088	n/a	441544	82
883.888	n/a	441944	83
884.688	n/a	442344	84
885.49	n/a	442745	85
886.29	n/a	443145	98
887.09	n/a	443545	86
888.692	n/a	444346	102
888.98	n/a	444490	252
889.992	n/a	444996	103
891.014	n/a	445507	101
891.914	n/a	445957	111
892.714	n/a	446357	112
893.514	n/a	446757	98
894.316	n/a	447158	98
895.116	n/a	447558	98
895.916	n/a	447958	113
896.718	n/a	448359	114
897.518	n/a	448759	115
898.318	n/a	449159	98
899.118	n/a	449559	116
900.72	n/a	450360	102
901.028	n/a	450514	252
902.042	n/a	451021	103
903.062	n/a	451531	101
903.962	n/a	451981	111
904.762	n/a	452381	112
905.564	n/a	452782	98
906.364	n/a	453182	113
907.164	n/a	453582	114
907.966	n/a	453983	115
908.766	n/a	454383	98
909.566	n/a	454783	116
911.168	n/a	455584	102
911.232	n/a	455616	252
912.248	n/a	456124	103
913.27	n/a	456635	101
914.17	n/a	457085	111
914.97	n/a	457485	112
915.77	n/a	457885	98
916.572	n/a	458286	113
917.372	n/a	458686	114
918.172	n/a	459086	115
918.974	n/a	459487	116
919.988	n/a	459994	252
920.574	n/a	460287	102
920.99	n/a	460495	252
922.006	n/a	461003	103
923.026	n/a	461513	101
923.926	n/a	461963	41
924.728	n/a	462364	42
925.528	n/a	462764	43
926.328	n/a	463164	44
927.13	n/a	463565	45
927.93	n/a	463965	98
928.73	n/a	464365	98
929.53	n/a	464765	98
930.332	n/a	465166	46
931.932	n/a	465966	102
932.264	n/a	466132	252
933.274	n/a	466637	103
934.294	n/a	467147	101
935.194	n/a	467597	111
935.996	n/a	467998	112
936.796	n/a	468398	98
937.596	n/a	468798	98
938.398	n/a	469199	113
939.198	n/a	469599	114
939.998	n/a	469999	115
940.798	n/a	470399	98
941.6	n/a	470800	116
943.2	n/a	471600	102
943.476	n/a	471738	252
944.492	n/a	472246	103
945.512	n/a	472756	101
946.412	n/a	473206	71
947.214	n/a	473607	72
948.014	n/a	474007	73
948.814	n/a	474407	74
949.616	n/a	474808	75
950.416	n/a	475208	98
951.216	n/a	475608	76
952.818	n/a	476409	102
953.128	n/a	476564	252
954.138	n/a	477069	103
955.16	n/a	477580	101
956.06	n/a	478030	121
956.86	n/a	478430	122
957.662	n/a	478831	98
958.462	n/a	479231	98
959.262	n/a	479631	123
960.062	n/a	480031	124
960.864	n/a	480432	125
961.664	n/a	480832	126
963.266	n/a	481633	102
963.6	n/a	481800	251
964.616	n/a	482308	103
965.636	n/a	482818	101
966.538	n/a	483269	31
967.338	n/a	483669	98
968.138	n/a	484069	32
968.94	n/a	484470	33
969.74	n/a	484870	34
970.54	n/a	485270	35
971.34	n/a	485670	98
972.142	n/a	486071	98
972.942	n/a	486471	36
974.544	n/a	487272	102
974.882	n/a	487441	252
975.894	n/a	487947	103
976.916	n/a	488458	101
977.816	n/a	488908	81
978.616	n/a	489308	98
979.416	n/a	489708	82
980.218	n/a	490109	83
981.018	n/a	490509	84
981.818	n/a	490909	85
982.62	n/a	491310	98
983.42	n/a	491710	98
984.22	n/a	492110	98
985.02	n/a	492510	86
986.622	n/a	493311	102
988.766	n/a	494383	252
989.774	n/a	494887	103
990.796	n/a	495398	101
991.696	n/a	495848	111
992.496	n/a	496248	112
993.296	n/a	496648	98
994.098	n/a	497049	113
994.898	n/a	497449	114
995.698	n/a	497849	115
996.5	n/a	498250	116
998.1	n/a	499050	102
998.35	n/a	499175	252
999.362	n/a	499681	103
1000.382	n/a	500191	101
1001.282	n/a	500641	111
1002.084	n/a	501042	98
1002.884	n/a	501442	98
1003.684	n/a	501842	98
1004.484	n/a	502242	112
1005.286	n/a	502643	113
1006.086	n/a	503043	114
1006.886	n/a	503443	115
1007.688	n/a	503844	98
1008.488	n/a	504244	116
1010.088	n/a	505044	102
1010.386	n/a	505193	252
1011.4	n/a	505700	103
1012.42	n/a	506210	101
1013.322	n/a	506661	11
1014.122	n/a	507061	12
1014.922	n/a	507461	13
1015.722	n/a	507861	14
1016.524	n/a	508262	15
1017.324	n/a	508662	98
1018.124	n/a	509062	16
1019.726	n/a	509863	102
1020.054	n/a	510027	251
1021.066	n/a	510533	103
1022.088	n/a	511044	101
1022.988	n/a	511494	111
1023.788	n/a	511894	112
1024.59	n/a	512295	98
1025.39	n/a	512695	98
1026.19	n/a	513095	113
1026.992	n/a	513496	114
1027.792	n/a	513896	115
1028.592	n/a	514296	116
1030.194	n/a	515097	102
1030.47	n/a	515235	252
1031.484	n/a	515742	103
1032.506	n/a	516253	101
1033.406	n/a	516703	121
1034.206	n/a	517103	122
1035.006	n/a	517503	98
1035.808	n/a	517904	98
1036.608	n/a	518304	123
1037.408	n/a	518704	124
1038.21	n/a	519105	125
1039.01	n/a	519505	98
1039.81	n/a	519905	98
1040.61	n/a	520305	126
1042.212	n/a	521106	102
1042.538	n/a	521269	251
1043.554	n/a	521777	103
1044.574	n/a	522287	101
1045.474	n/a	522737	51
1046.276	n/a	523138	52
1047.076	n/a	523538	53
1047.876	n/a	523938	54
1048.676	n/a	524338	55
1049.478	n/a	524739	56
1051.078	n/a	525539	102
1051.402	n/a	525701	251
1052.41	n/a	526205	103
1053.43	n/a	526715	101
1054.33	n/a	527165	21
1055.132	n/a	527566	22
1055.932	n/a	527966	23
1056.732	n/a	528366	24
1057.534	n/a	528767	25
1058.334	n/a	529167	98
1059.134	n/a	529567	98
1059.934	n/a	529967	26
1061.536	n/a	530768	102
1061.826	n/a	530913	251
1062.838	n/a	531419	103
1063.858	n/a	531929	101
1064.758	n/a	532379	71
1065.558	n/a	532779	72
1066.36	n/a	533180	73
1067.16	n/a	533580	74
1067.96	n/a	533980	75
1068.762	n/a	534381	76
1070.362	n/a	535181	102
1070.698	n/a	535349	252
1071.714	n/a	535857	103
1072.734	n/a	536367	101
1073.634	n/a	536817	71
1074.436	n/a	537218	98
1075.236	n/a	537618	72
1076.036	n/a	538018	73
1076.838	n/a	538419	74
1077.638	n/a	538819	75
1078.438	n/a	539219	98
1079.238	n/a	539619	76
1080.84	n/a	540420	102
1081.188	n/a	540594	252
1082.2	n/a	541100	103
1083.222	n/a	541611	101
1084.122	n/a	542061	41
1084.922	n/a	542461	98
1085.724	n/a	542862	42
1086.524	n/a	543262	43
1087.324	n/a	543662	44
1088.126	n/a	544063	45
1088.926	n/a	544463	98
1089.726	n/a	544863	46
1091.328	n/a	545664	102
1091.572	n/a	545786	252
1092.588	n/a	546294	133
1095.59	n/a	547795	133
1106.144	n/a	553072	251
1107.16	n/a	553580	101
1108.06	n/a	554030	41
1108.86	n/a	554430	42
1109.66	n/a	554830	43
1110.462	n/a	555231	44
1111.262	n/a	555631	45
1112.062	n/a	556031	98
1112.864	n/a	556432	46
1114.464	n/a	557232	102
1114.696	n/a	557348	252
1115.706	n/a	557853	103
1116.726	n/a	558363	101
1117.626	n/a	558813	71
1118.428	n/a	559214	72
1119.228	n/a	559614	73
1120.028	n/a	560014	74
1120.828	n/a	560414	75
1121.63	n/a	560815	98
1122.43	n/a	561215	76
1124.032	n/a	562016	102
1124.464	n/a	562232	252
1125.472	n/a	562736	103
1126.492	n/a	563246	101
1127.394	n/a	563697	61
1128.194	n/a	564097	98
1128.994	n/a	564497	62
1129.796	n/a	564898	63
1130.596	n/a	565298	64
1131.396	n/a	565698	65
1132.196	n/a	566098	98
1132.998	n/a	566499	98
1133.798	n/a	566899	66
1135.32	n/a	567660	251
1135.4	n/a	567700	102
1136.632	n/a	568316	251
1137.64	n/a	568820	103
1138.662	n/a	569331	101
1139.562	n/a	569781	121
1140.362	n/a	570181	122
1141.164	n/a	570582	98
1141.964	n/a	570982	98
1142.764	n/a	571382	123
1143.566	n/a	571783	124
1144.366	n/a	572183	125
1145.166	n/a	572583	126
1146.768	n/a	573384	102
1147.468	n/a	573734	251
1148.478	n/a	574239	103
1149.5	n/a	574750	101
1150.4	n/a	575200	81
1151.2	n/a	575600	98
1152.002	n/a	576001	82
1152.802	n/a	576401	83
1153.602	n/a	576801	84
1154.404	n/a	577202	85
1155.204	n/a	577602	86
1156.804	n/a	578402	102
1157.044	n/a	578522	252
1158.056	n/a	579028	103
1159.076	n/a	579538	101
1159.978	n/a	579989	51
1160.778	n/a	580389	52
1161.578	n/a	580789	53
1162.378	n/a	581189	54
1163.18	n/a	581590	55
1163.98	n/a	581990	98
1164.78	n/a	582390	98
1165.582	n/a	582791	98
1166.382	n/a	583191	56
1167.982	n/a	583991	102
1168.472	n/a	584236	251
1169.484	n/a	584742	103
1170.504	n/a	585252	101
1171.406	n/a	585703	111
1172.206	n/a	586103	112
1173.006	n/a	586503	98
1173.808	n/a	586904	98
1174.608	n/a	587304	98
1175.408	n/a	587704	98
1176.208	n/a	588104	113
1177.01	n/a	588505	114
1177.81	n/a	588905	115
1178.61	n/a	589305	116
1180.212	n/a	590106	102
1180.436	n/a	590218	252
1181.442	n/a	590721	103
1182.464	n/a	591232	101
1183.364	n/a	591682	11
1184.164	n/a	592082	12
1184.966	n/a	592483	13
1185.766	n/a	592883	14
1186.566	n/a	593283	15
1187.366	n/a	593683	16
1188.968	n/a	594484	102
1189.27	n/a	594635	251
1190.278	n/a	595139	103
1191.3	n/a	595650	101
1192.2	n/a	596100	111
1193	n/a	596500	98
1193.802	n/a	596901	112
1194.602	n/a	597301	98
1195.402	n/a	597701	113
1196.204	n/a	598102	114
1197.004	n/a	598502	115
1197.804	n/a	598902	116
1199.406	n/a	599703	102
1199.686	n/a	599843	252
1200.696	n/a	600348	103
1201.718	n/a	600859	101
1202.618	n/a	601309	111
1203.418	n/a	601709	112
1204.218	n/a	602109	98
1205.02	n/a	602510	113
1205.82	n/a	602910	114
1206.62	n/a	603310	115
1207.422	n/a	603711	116
1209.022	n/a	604511	102
1209.29	n/a	604645	252
1210.304	n/a	605152	103
1211.324	n/a	605662	101
1212.224	n/a	606112	121
1213.026	n/a	606513	98
1213.826	n/a	606913	122
1214.626	n/a	607313	98
1215.428	n/a	607714	123
1216.228	n/a	608114	124
1217.028	n/a	608514	125
1217.828	n/a	608914	98
1218.63	n/a	609315	126
1220.23	n/a	610115	102
1220.514	n/a	610257	251
1221.522	n/a	610761	103
1222.542	n/a	611271	101
1223.442	n/a	611721	121
1224.244	n/a	612122	122
1225.044	n/a	612522	98
1225.844	n/a	612922	98
1226.646	n/a	613323	123
1227.446	n/a	613723	124
1228.246	n/a	614123	125
1229.046	n/a	614523	98
1229.848	n/a	614924	126
1231.448	n/a	615724	102
1231.734	n/a	615867	251
1232.75	n/a	616375	103
1233.77	n/a	616885	101
1234.67	n/a	617335	41
1235.472	n/a	617736	98
1236.272	n/a	618136	42
1237.072	n/a	618536	43
1237.874	n/a	618937	44
1238.674	n/a	619337	45
1239.474	n/a	619737	46
1241.076	n/a	620538	102
1241.314	n/a	620657	252
1242.326	n/a	621163	103
1243.348	n/a	621674	101
1244.248	n/a	622124	11
1245.048	n/a	622524	12
1245.848	n/a	622924	13
1246.65	n/a	623325	14
1247.45	n/a	623725	15
1248.25	n/a	624125	98
1249.052	n/a	624526	16
1250.652	n/a	625326	102
1251.03	n/a	625515	251
1252.044	n/a	626022	103
1253.064	n/a	626532	101
1253.964	n/a	626982	111
1254.766	n/a	627383	112
1255.566	n/a	627783	98
1256.366	n/a	628183	113
1257.168	n/a	628584	114
1257.968	n/a	628984	115
1258.768	n/a	629384	116
1260.37	n/a	630185	102
1260.862	n/a	630431	252
1261.87	n/a	630935	103
1262.892	n/a	631446	101
1263.792	n/a	631896	31
1264.592	n/a	632296	98
1265.394	n/a	632697	32
1266.194	n/a	633097	33
1266.994	n/a	633497	34
1267.794	n/a	633897	35
1268.596	n/a	634298	98
1269.396	n/a	634698	36
1270.998	n/a	635499	102
1271.354	n/a	635677	252
1272.368	n/a	636184	103
1273.388	n/a	636694	101
1274.29	n/a	637145	121
1275.09	n/a	637545	98
1275.89	n/a	637945	122
1276.692	n/a	638346	123
1277.492	n/a	638746	124
1278.292	n/a	639146	125
1279.092	n/a	639546	98
1279.894	n/a	639947	126
1281.494	n/a	640747	102
1281.91	n/a	640955	251
1282.926	n/a	641463	103
1283.946	n/a	641973	101
1284.848	n/a	642424	81
1285.648	n/a	642824	82
1286.448	n/a	643224	83
1287.248	n/a	643624	84
1288.05	n/a	644025	85
1288.85	n/a	644425	98
1289.65	n/a	644825	86
1291.252	n/a	645626	102
1291.556	n/a	645778	252
1292.572	n/a	646286	103
1293.594	n/a	646797	101
1294.494	n/a	647247	121
1295.294	n/a	647647	122
1296.096	n/a	648048	98
1296.896	n/a	648448	123
1297.696	n/a	648848	124
1298.496	n/a	649248	125
1299.298	n/a	649649	126
1300.898	n/a	650449	102
1301.108	n/a	650554	251
1302.12	n/a	651060	103
1303.14	n/a	651570	101
1304.04	n/a	652020	11
1304.842	n/a	652421	12
1305.642	n/a	652821	13
1306.442	n/a	653221	14
1307.244	n/a	653622	15
1308.044	n/a	654022	16
1309.644	n/a	654822	102
1309.972	n/a	654986	251
1310.986	n/a	655493	103
1312.006	n/a	656003	101
1312.908	n/a	656454	51
1313.708	n/a	656854	52
1314.508	n/a	657254	53
1315.31	n/a	657655	54
1316.11	n/a	658055	55
1316.91	n/a	658455	56
1318.512	n/a	659256	102
1321.904	n/a	660952	251
1322.914	n/a	661457	103
1323.936	n/a	661968	101
1324.836	n/a	662418	111
1325.636	n/a	662818	112
1326.438	n/a	663219	98
1327.238	n/a	663619	113
1328.038	n/a	664019	114
1328.838	n/a	664419	115
1329.64	n/a	664820	116
1331.24	n/a	665620	102
1331.272	n/a	665636	252
1332.282	n/a	666141	103
1333.302	n/a	666651	101
1334.202	n/a	667101	111
1335.004	n/a	667502	98
1335.804	n/a	667902	112
1336.604	n/a	668302	98
1337.406	n/a	668703	98
1338.206	n/a	669103	113
1339.006	n/a	669503	114
1339.806	n/a	669903	115
1340.608	n/a	670304	98
1341.408	n/a	670704	116
1342.84	n/a	671420	252
1343.01	n/a	671505	102
1345.524	n/a	672762	252
1346.532	n/a	673266	103
1347.552	n/a	673776	101
1348.452	n/a	674226	31
1349.254	n/a	674627	32
1350.054	n/a	675027	33
1350.854	n/a	675427	34
1351.656	n/a	675828	35
1352.456	n/a	676228	98
1353.256	n/a	676628	36
1354.858	n/a	677429	102
1355.26	n/a	677630	252
1356.268	n/a	678134	103
1357.29	n/a	678645	101
1358.19	n/a	679095	21
1358.99	n/a	679495	98
1359.792	n/a	679896	22
1360.592	n/a	680296	23
1361.392	n/a	680696	24
1362.192	n/a	681096	25
1362.994	n/a	681497	98
1363.794	n/a	681897	98
1364.594	n/a	682297	98
1365.396	n/a	682698	98
1366.196	n/a	683098	26
1367.796	n/a	683898	102
1368.096	n/a	684048	251
1369.108	n/a	684554	103
1370.128	n/a	685064	101
1371.03	n/a	685515	11
1371.83	n/a	685915	12
1372.63	n/a	686315	13
1373.43	n/a	686715	14
1374.232	n/a	687116	15
1375.032	n/a	687516	16
1376.634	n/a	688317	102
1376.944	n/a	688472	251
1377.954	n/a	688977	103
1378.976	n/a	689488	101
1379.876	n/a	689938	127
1379.878	n/a	689939	111
1380.676	n/a	690338	112
1381.476	n/a	690738	98
1382.278	n/a	691139	113
1383.078	n/a	691539	114
1383.878	n/a	691939	115
1384.68	n/a	692340	98
1385.48	n/a	692740	116
1387.08	n/a	693540	102
1387.392	n/a	693696	252
1388.402	n/a	694201	103
1389.422	n/a	694711	101
1390.324	n/a	695162	121
1391.124	n/a	695562	122
1391.924	n/a	695962	98
1392.724	n/a	696362	98
1393.526	n/a	696763	98
1394.326	n/a	697163	123
1395.126	n/a	697563	124
1395.928	n/a	697964	125
1396.728	n/a	698364	126
1398.328	n/a	699164	102
1398.594	n/a	699297	251
1399.61	n/a	699805	103
1400.63	n/a	700315	101
1401.532	n/a	700766	41
1402.332	n/a	701166	98
1403.132	n/a	701566	42
1403.934	n/a	701967	43
1404.734	n/a	702367	44
1405.534	n/a	702767	45
1406.334	n/a	703167	98
1407.136	n/a	703568	46
1408.736	n/a	704368	102
1408.982	n/a	704491	252
1409.998	n/a	704999	103
1411.018	n/a	705509	101
1411.918	n/a	705959	71
1412.72	n/a	706360	98
1413.52	n/a	706760	72
1414.32	n/a	707160	73
1415.122	n/a	707561	74
1415.922	n/a	707961	75
1416.722	n/a	708361	98
1417.522	n/a	708761	76
1419.124	n/a	709562	102
1419.422	n/a	709711	252
1420.434	n/a	710217	103
1421.456	n/a	710728	101
1422.356	n/a	711178	121
1423.156	n/a	711578	122
1423.958	n/a	711979	98
1424.758	n/a	712379	98
1425.558	n/a	712779	123
1426.36	n/a	713180	124
1427.16	n/a	713580	125
1427.96	n/a	713980	126
1429.562	n/a	714781	102
1429.818	n/a	714909	255
1429.82	n/a	714910	251
1430.832	n/a	715416	103
1431.854	n/a	715927	101
1432.754	n/a	716377	61
1433.554	n/a	716777	62
1434.354	n/a	717177	63
1435.156	n/a	717578	64
1435.956	n/a	717978	65
1436.756	n/a	718378	98
1437.558	n/a	718779	98
1438.358	n/a	719179	66
1439.958	n/a	719979	102
1440.162	n/a	720081	251
1441.17	n/a	720585	103
1442.19	n/a	721095	101
1443.092	n/a	721546	31
1443.892	n/a	721946	98
1444.692	n/a	722346	32
1445.492	n/a	722746	33
1446.294	n/a	723147	34
1447.094	n/a	723547	35
1447.894	n/a	723947	98
1448.696	n/a	724348	98
1449.496	n/a	724748	98
1450.296	n/a	725148	98
1451.098	n/a	725549	36
1452.698	n/a	726349	102
1452.986	n/a	726493	252
1454	n/a	727000	103
1455.02	n/a	727510	101
1455.92	n/a	727960	121
1456.722	n/a	728361	122
1457.522	n/a	728761	98
1458.322	n/a	729161	123
1459.122	n/a	729561	124
1459.924	n/a	729962	125
1460.724	n/a	730362	98
1461.524	n/a	730762	126
1463.126	n/a	731563	102
1463.39	n/a	731695	251
1464.406	n/a	732203	103
1465.428	n/a	732714	101
1466.328	n/a	733164	111
1467.128	n/a	733564	112
1467.93	n/a	733965	98
1468.73	n/a	734365	98
1469.53	n/a	734765	113
1470.33	n/a	735165	114
1471.132	n/a	735566	115
1471.932	n/a	735966	116
1473.534	n/a	736767	102
1475.178	n/a	737589	252
1476.186	n/a	738093	103
1477.206	n/a	738603	101
1478.106	n/a	739053	121
1478.908	n/a	739454	122
1479.708	n/a	739854	98
1480.508	n/a	740254	123
1481.308	n/a	740654	124
1482.11	n/a	741055	125
1482.91	n/a	741455	126
1484.512	n/a	742256	102
1484.754	n/a	742377	251
1485.762	n/a	742881	103
1486.782	n/a	743391	101
1487.684	n/a	743842	121
1488.484	n/a	744242	98
1489.284	n/a	744642	122
1490.086	n/a	745043	123
1490.886	n/a	745443	124
1491.686	n/a	745843	125
1492.486	n/a	746243	98
1493.288	n/a	746644	98
1494.088	n/a	747044	126
1495.69	n/a	747845	102
1497.474	n/a	748737	251
1498.482	n/a	749241	103
1499.502	n/a	749751	101
1500.402	n/a	750201	121
1501.204	n/a	750602	98
1502.004	n/a	751002	122
1502.804	n/a	751402	98
1503.604	n/a	751802	98
1504.406	n/a	752203	123
1505.206	n/a	752603	124
1506.006	n/a	753003	125
1506.808	n/a	753404	98
1507.608	n/a	753804	98
1508.408	n/a	754204	126
1509.788	n/a	754894	251
1510.01	n/a	755005	102
1510.88	n/a	755440	251
1511.89	n/a	755945	103
1512.912	n/a	756456	101
1513.812	n/a	756906	31
1514.612	n/a	757306	32
1515.414	n/a	757707	33
1516.214	n/a	758107	34
1517.014	n/a	758507	35
1517.816	n/a	758908	98
1518.616	n/a	759308	36
1520.216	n/a	760108	102
1520.46	n/a	760230	252
1521.468	n/a	760734	103
1522.488	n/a	761244	101
1523.39	n/a	761695	81
1524.19	n/a	762095	98
1524.99	n/a	762495	82
1525.79	n/a	762895	83
1526.592	n/a	763296	84
1527.392	n/a	763696	85
1528.192	n/a	764096	98
1528.994	n/a	764497	98
1529.794	n/a	764897	98
1530.594	n/a	765297	98
1531.394	n/a	765697	86
1532.996	n/a	766498	102
1533.104	n/a	766552	252
1534.116	n/a	767058	103
1535.138	n/a	767569	101
1536.038	n/a	768019	31
1536.838	n/a	768419	98
1537.64	n/a	768820	32
1538.44	n/a	769220	33
1539.24	n/a	769620	34
1540.042	n/a	770021	35
1540.842	n/a	770421	98
1541.642	n/a	770821	98
1542.442	n/a	771221	98
1543.244	n/a	771622	98
1544.044	n/a	772022	36
1545.646	n/a	772823	102
1545.828	n/a	772914	252
1546.836	n/a	773418	103
1547.856	n/a	773928	101
1548.758	n/a	774379	111
1549.558	n/a	774779	98
1550.358	n/a	775179	98
1551.16	n/a	775580	112
1551.96	n/a	775980	98
1552.76	n/a	776380	113
1553.56	n/a	776780	114
1554.362	n/a	777181	115
1555.162	n/a	777581	116
1556.764	n/a	778382	102
1556.976	n/a	778488	252
1557.984	n/a	778992	103
1559.004	n/a	779502	101
1559.906	n/a	779953	21
1560.706	n/a	780353	98
1561.506	n/a	780753	22
1562.308	n/a	781154	23
1563.108	n/a	781554	24
1563.908	n/a	781954	25
1564.708	n/a	782354	26
1566.31	n/a	783155	102
1566.752	n/a	783376	251
1567.762	n/a	783881	103
1568.782	n/a	784391	101
1569.682	n/a	784841	51
1570.484	n/a	785242	52
1571.284	n/a	785642	53
1572.084	n/a	786042	54
1572.884	n/a	786442	55
1573.686	n/a	786843	56
1575.286	n/a	787643	102
1575.624	n/a	787812	251
1576.638	n/a	788319	133
1579.64	n/a	789820	133
1591.384	n/a	795692	251
1592.398	n/a	796199	101
1593.3	n/a	796650	51
1594.1	n/a	797050	98
1594.9	n/a	797450	52
1595.702	n/a	797851	53
1596.502	n/a	798251	54
1597.302	n/a	798651	55
1598.104	n/a	799052	98
1598.904	n/a	799452	56
1600.504	n/a	800252	102
1600.788	n/a	800394	251
1601.796	n/a	800898	103
1602.816	n/a	801408	101
1603.718	n/a	801859	81
1604.518	n/a	802259	82
1605.318	n/a	802659	83
1606.118	n/a	803059	84
1606.92	n/a	803460	85
1607.72	n/a	803860	98
1608.52	n/a	804260	98
1609.322	n/a	804661	86
1610.922	n/a	805461	102
1611.158	n/a	805579	252
1612.174	n/a	806087	103
1613.194	n/a	806597	101
1614.094	n/a	807047	61
1614.896	n/a	807448	62
1615.696	n/a	807848	63
1616.496	n/a	808248	64
1617.296	n/a	808648	65
1618.098	n/a	809049	98
1618.898	n/a	809449	98
1619.698	n/a	809849	98
1620.5	n/a	810250	66
1622.1	n/a	811050	102
1623.382	n/a	811691	252
1624.392	n/a	812196	103
1625.412	n/a	812706	101
1626.314	n/a	813157	61
1627.114	n/a	813557	98
1627.914	n/a	813957	62
1628.716	n/a	814358	63
1629.516	n/a	814758	64
1630.316	n/a	815158	65
1631.116	n/a	815558	98
1631.918	n/a	815959	66
1633.518	n/a	816759	102
1633.986	n/a	816993	252
1635	n/a	817500	103
1636.02	n/a	818010	101
1636.922	n/a	818461	71
1637.722	n/a	818861	72
1638.522	n/a	819261	73
1639.322	n/a	819661	74
1640.124	n/a	820062	75
1640.924	n/a	820462	98
1641.724	n/a	820862	98
1642.526	n/a	821263	98
1643.326	n/a	821663	98
1644.126	n/a	822063	76
1645.728	n/a	822864	102
1647.522	n/a	823761	251
1648.53	n/a	824265	103
1649.55	n/a	824775	101
1650.45	n/a	825225	81
1651.252	n/a	825626	82
1652.052	n/a	826026	83
1652.852	n/a	826426	84
1653.654	n/a	826827	85
1654.454	n/a	827227	98
1655.254	n/a	827627	86
1656.856	n/a	828428	102
1657.114	n/a	828557	252
1658.126	n/a	829063	103
1659.148	n/a	829574	101
1660.048	n/a	830024	31
1660.848	n/a	830424	32
1661.648	n/a	830824	33
1662.45	n/a	831225	34
1663.25	n/a	831625	35
1664.05	n/a	832025	98
1664.852	n/a	832426	98
1665.652	n/a	832826	36
1667.252	n/a	833626	102
1667.658	n/a	833829	252
1668.674	n/a	834337	103
1669.694	n/a	834847	101
1670.596	n/a	835298	71
1671.396	n/a	835698	98
1672.196	n/a	836098	72
1672.998	n/a	836499	73
1673.798	n/a	836899	74
1674.598	n/a	837299	75
1675.398	n/a	837699	98
1676.2	n/a	838100	98
1677	n/a	838500	76
1678.602	n/a	839301	102
1678.978	n/a	839489	252
1679.992	n/a	839996	103
1681.012	n/a	840506	101
1681.914	n/a	840957	121
1682.714	n/a	841357	122
1683.514	n/a	841757	98
1684.316	n/a	842158	98
1685.116	n/a	842558	123
1685.916	n/a	842958	124
1686.716	n/a	843358	125
1687.518	n/a	843759	126
1689.118	n/a	844559	102
1689.458	n/a	844729	251
1690.47	n/a	845235	103
1691.49	n/a	845745	101
1692.392	n/a	846196	21
1693.192	n/a	846596	98
1693.992	n/a	846996	22
1694.792	n/a	847396	23
1695.594	n/a	847797	24
1696.394	n/a	848197	25
1697.194	n/a	848597	98
1697.996	n/a	848998	98
1698.796	n/a	849398	98
1699.596	n/a	849798	26
1701.198	n/a	850599	102
1701.546	n/a	850773	251
1702.558	n/a	851279	103
1703.58	n/a	851790	101
1704.48	n/a	852240	51
1705.28	n/a	852640	52
1706.08	n/a	853040	53
1706.882	n/a	853441	54
1707.682	n/a	853841	55
1708.482	n/a	854241	98
1709.284	n/a	854642	56
1710.884	n/a	855442	102
1712.826	n/a	856413	252
1713.836	n/a	856918	103
1714.858	n/a	857429	101
1715.758	n/a	857879	61
1716.558	n/a	858279	62
1717.36	n/a	858680	63
1718.16	n/a	859080	64
1718.96	n/a	859480	65
1719.76	n/a	859880	98
1720.562	n/a	860281	98
1721.362	n/a	860681	98
1722.162	n/a	861081	66
1723.764	n/a	861882	102
1725.716	n/a	862858	252
1726.726	n/a	863363	103
1727.746	n/a	863873	101
1728.648	n/a	864324	111
1729.448	n/a	864724	98
1730.248	n/a	865124	112
1731.048	n/a	865524	98
1731.85	n/a	865925	98
1732.65	n/a	866325	113
1733.45	n/a	866725	114
1734.252	n/a	867126	115
1735.052	n/a	867526	116
1736.654	n/a	868327	102
1736.94	n/a	868470	252
1737.954	n/a	868977	103
1738.974	n/a	869487	101
1739.876	n/a	869938	111
1740.676	n/a	870338	112
1741.476	n/a	870738	113
1742.278	n/a	871139	114
1743.078	n/a	871539	115
1743.878	n/a	871939	98
1744.678	n/a	872339	98
1745.48	n/a	872740	116
1747.08	n/a	873540	102
1747.464	n/a	873732	252
1748.472	n/a	874236	103
1749.492	n/a	874746	101
1750.392	n/a	875196	11
1751.194	n/a	875597	12
1751.994	n/a	875997	13
1752.794	n/a	876397	14
1753.596	n/a	876798	15
1754.396	n/a	877198	16
1755.996	n/a	877998	102
1756.376	n/a	878188	251
1757.388	n/a	878694	103
1758.408	n/a	879204	101
1759.31	n/a	879655	21
1760.11	n/a	880055	22
1760.91	n/a	880455	23
1761.712	n/a	880856	24
1762.512	n/a	881256	25
1763.312	n/a	881656	98
1764.112	n/a	882056	26
1765.714	n/a	882857	102
1765.996	n/a	882998	251
1767.004	n/a	883502	103
1768.026	n/a	884013	101
1768.926	n/a	884463	121
1769.726	n/a	884863	122
1770.528	n/a	885264	98
1771.328	n/a	885664	98
1772.128	n/a	886064	123
1772.93	n/a	886465	124
1773.73	n/a	886865	125
1774.53	n/a	887265	98
1775.33	n/a	887665	126
1776.932	n/a	888466	102
1777.156	n/a	888578	251
1778.164	n/a	889082	103
1779.184	n/a	889592	101
1780.084	n/a	890042	51
1780.884	n/a	890442	52
1781.686	n/a	890843	53
1782.486	n/a	891243	54
1783.286	n/a	891643	55
1784.088	n/a	892044	98
1784.888	n/a	892444	98
1785.688	n/a	892844	98
1786.488	n/a	893244	56
1788.09	n/a	894045	102
1788.092	n/a	894046	251
1789.1	n/a	894550	103
1790.122	n/a	895061	101
1791.022	n/a	895511	31
1791.822	n/a	895911	32
1792.624	n/a	896312	33
1793.424	n/a	896712	34
1794.224	n/a	897112	35
1795.026	n/a	897513	98
1795.826	n/a	897913	98
1796.626	n/a	898313	98
1797.426	n/a	898713	36
1799.028	n/a	899514	102
1799.344	n/a	899672	252
1800.36	n/a	900180	103
1801.38	n/a	900690	101
1802.28	n/a	901140	61
1803.08	n/a	901540	62
1803.882	n/a	901941	63
1804.682	n/a	902341	64
1805.482	n/a	902741	65
1806.284	n/a	903142	98
1807.084	n/a	903542	98
1807.884	n/a	903942	98
1808.684	n/a	904342	98
1809.486	n/a	904743	66
1810.432	n/a	905216	252
1811.086	n/a	905543	102
1811.432	n/a	905716	252
1812.448	n/a	906224	103
1813.468	n/a	906734	101
1814.37	n/a	907185	121
1815.17	n/a	907585	122
1815.97	n/a	907985	98
1816.77	n/a	908385	98
1817.572	n/a	908786	123
1818.372	n/a	909186	124
1819.172	n/a	909586	125
1819.974	n/a	909987	126
1821.574	n/a	910787	102
1821.8	n/a	910900	251
1822.816	n/a	911408	103
1823.836	n/a	911918	101
1824.736	n/a	912368	61
1825.538	n/a	912769	98
1826.338	n/a	913169	62
1827.138	n/a	913569	63
1827.938	n/a	913969	64
1828.74	n/a	914370	65
1829.54	n/a	914770	98
1830.34	n/a	915170	66
1831.942	n/a	915971	102
1833.33	n/a	916665	252
1834.344	n/a	917172	103
1835.364	n/a	917682	101
1836.264	n/a	918132	111
1837.066	n/a	918533	112
1837.866	n/a	918933	98
1838.666	n/a	919333	113
1839.468	n/a	919734	114
1840.268	n/a	920134	115
1841.068	n/a	920534	116
1842.67	n/a	921335	102
1842.93	n/a	921465	252
1843.94	n/a	921970	103
1844.962	n/a	922481	101
1845.862	n/a	922931	121
1846.662	n/a	923331	98
1847.462	n/a	923731	122
1848.264	n/a	924132	98
1849.064	n/a	924532	123
1849.864	n/a	924932	124
1850.666	n/a	925333	125
1851.466	n/a	925733	126
1853.068	n/a	926534	102
1853.466	n/a	926733	251
1854.478	n/a	927239	103
1855.498	n/a	927749	101
1856.4	n/a	928200	51
1857.2	n/a	928600	52
1858	n/a	929000	53
1858.802	n/a	929401	54
1859.602	n/a	929801	55
1860.402	n/a	930201	56
1862.004	n/a	931002	102
1862.362	n/a	931181	251
1863.374	n/a	931687	103
1864.396	n/a	932198	101
1865.296	n/a	932648	111
1866.096	n/a	933048	112
1866.896	n/a	933448	98
1867.698	n/a	933849	113
1868.498	n/a	934249	114
1869.298	n/a	934649	115
1870.1	n/a	935050	98
1870.9	n/a	935450	116
1872.502	n/a	936251	102
1873.422	n/a	936711	252
1874.432	n/a	937216	103
1875.454	n/a	937727	101
1876.354	n/a	938177	81
1877.154	n/a	938577	82
1877.954	n/a	938977	83
1878.756	n/a	939378	84
1879.556	n/a	939778	85
1880.356	n/a	940178	98
1881.158	n/a	940579	98
1881.958	n/a	940979	98
1882.758	n/a	941379	86
1884.36	n/a	942180	102
1884.506	n/a	942253	252
1885.52	n/a	942760	103
1886.542	n/a	943271	101
1887.442	n/a	943721	11
1888.242	n/a	944121	12
1889.042	n/a	944521	13
1889.844	n/a	944922	14
1890.644	n/a	945322	15
1891.444	n/a	945722	98
1892.246	n/a	946123	98
1893.046	n/a	946523	16
1894.646	n/a	947323	102
1894.762	n/a	947381	251
1895.778	n/a	947889	103
1896.798	n/a	948399	101
1897.7	n/a	948850	41
1898.5	n/a	949250	98
1899.3	n/a	949650	42
1900.1	n/a	950050	43
1900.902	n/a	950451	44
1901.702	n/a	950851	45
1902.502	n/a	951251	98
1903.304	n/a	951652	46
1904.904	n/a	952452	102
1907.614	n/a	953807	251
1908.628	n/a	954314	103
1909.648	n/a	954824	101
1910.548	n/a	955274	111
1911.35	n/a	955675	112
1912.15	n/a	956075	98
1912.95	n/a	956475	98
1913.75	n/a	956875	113
1914.552	n/a	957276	114
1915.352	n/a	957676	115
1916.152	n/a	958076	116
1917.63	n/a	958815	252
1917.754	n/a	958877	102
1919.078	n/a	959539	252
1920.086	n/a	960043	103
1921.106	n/a	960553	101
1922.006	n/a	961003	71
1922.808	n/a	961404	98
1923.608	n/a	961804	72
1924.408	n/a	962204	73
1925.21	n/a	962605	74
1926.01	n/a	963005	75
1926.81	n/a	963405	76
1928.412	n/a	964206	102
1928.758	n/a	964379	252
1929.772	n/a	964886	103
1930.794	n/a	965397	101
1931.694	n/a	965847	61
1932.494	n/a	966247	62
1933.294	n/a	966647	63
1934.096	n/a	967048	64
1934.896	n/a	967448	65
1935.696	n/a	967848	98
1936.498	n/a	968249	66
1938.098	n/a	969049	102
1938.436	n/a	969218	251
1939.45	n/a	969725	103
1940.47	n/a	970235	101
1941.37	n/a	970685	11
1942.172	n/a	971086	98
1942.972	n/a	971486	12
1943.772	n/a	971886	13
1944.572	n/a	972286	14
1945.374	n/a	972687	15
1946.174	n/a	973087	98
1946.974	n/a	973487	16
1948.576	n/a	974288	102
1948.832	n/a	974416	251
1949.846	n/a	974923	103
1950.868	n/a	975434	101
1951.768	n/a	975884	51
1952.568	n/a	976284	52
1953.37	n/a	976685	53
1954.17	n/a	977085	54
1954.97	n/a	977485	55
1955.772	n/a	977886	98
1956.572	n/a	978286	98
1957.372	n/a	978686	56
1958.974	n/a	979487	102
1960.152	n/a	980076	251
1961.164	n/a	980582	103
1962.186	n/a	981093	101
1963.086	n/a	981543	31
1963.886	n/a	981943	98
1964.688	n/a	982344	32
1965.488	n/a	982744	33
1966.288	n/a	983144	34
1967.09	n/a	983545	35
1967.89	n/a	983945	98
1968.69	n/a	984345	98
1969.49	n/a	984745	98
1970.292	n/a	985146	98
1971.092	n/a	985546	36
1972.694	n/a	986347	102
1973	n/a	986500	252
1974.014	n/a	987007	103
1975.036	n/a	987518	101
1975.936	n/a	987968	111
1976.736	n/a	988368	112
1977.536	n/a	988768	98
1978.338	n/a	989169	113
1979.138	n/a	989569	114
1979.938	n/a	989969	115
1980.74	n/a	990370	116
1982.34	n/a	991170	102
1982.608	n/a	991304	252
1983.622	n/a	991811	133
1993.538	n/a	996769	252
1994.55	n/a	997275	130
